HPV,HPV,noun
cancer,cancer,noun
cervical,cervical,noun
vaccine,vaccine,noun
Cancer,cancer,noun
Cervical,cervical,noun
test,test,noun
woman,woman,noun
Pap,pap,noun
smear,smear,noun
Gardasil,Gardasil,noun
pap,pap,noun
age,age,noun
girl,girl,noun
screen,screen,noun
year,year,noun
cervicalcancer,cervical_cancer,noun
sign,sign,noun
Vaccine,vaccine,noun
Awareness,awareness,noun
vaccination,vaccination,noun
risk,risk,noun
FDA,FDA,noun
lower,low,noun
CervicalCancer,cervical_cancer,noun
smear,smear,noun
sex,sex,noun
hpv,HPV,noun
prevent,prevent,noun
SophiesChoice,Sophies_Choice,noun
life,life,noun
doctor,doctor,noun
Health,health,noun
find,find,noun
January,January,noun
die,die,noun
health,health,noun
awareness,awareness,noun
boy,boy,noun
Sophie,Sophie,noun
Month,month,noun
lead,lead,noun
Women,women,noun
Smear,smear,noun
today,today,noun
Study,study,noun
study,study,noun
young,young,noun
month,month,noun
man,man,noun
die,die,noun
FALSE,FALSE,noun
prevention,prevention,noun
rate,rate,noun
Test,test,noun
people,people,noun
screening,screen,noun
News,news,noun
Vaccines,vaccine,noun
vaccinate,vaccinate,noun
support,support,noun
CDC,CDC,noun
case,case,noun
shot,shot,noun
share,share,noun
Young,young,noun
infection,infection,noun
virus,virus,noun
Prevention,prevention,noun
free,free,noun
time,time,noun
HIV,HIV,noun
show,show,noun
fact,fact,noun
detect,detect,noun
petition,petition,noun
smear,smear,noun
good,good,noun
higher,high,noun
call,call,noun
sexually,sexual,noun
week,week,noun
make,make,noun
recommend,recommend,noun
thing,thing,noun
check,check,noun
DNA,DNA,noun
link,link,noun
Girls,girl,noun
Parents,parent,noun
news,news,noun
lose,lose,noun
Developer,developer,noun
teens,teen,noun
pl,please,noun
common,common,noun
refuse,refuse,noun
partner,partner,noun
death,death,noun
Clean,clean,noun
Deadly,dead,noun
fight,fight,noun
increase,increase,noun
cure,cure,noun
sexual,sexual,noun
human,human,noun
friend,friend,noun
work,work,noun
type,type,noun
smear,smear,noun
medical,medical,noun
Warns,warn,noun
papsmearino,pap_smear,noun
learn,learn,noun
cause,cause,noun
disease,disease,noun
Vaccination,vaccination,noun
reduce,reduce,noun
develop,develop,noun
breast,breast,noun
wart,wart,noun
talk,talk,noun
oral,oral,noun
Jan,January,noun
day,day,noun
Giant,giant,noun
mother,mother,noun
protect,protect,noun
genital,genital,noun
offer,offer,noun
child,child,noun
early,early,noun
shoot,shoot,noun
yesterday,yesterday,noun
diagnose,diagnose,noun
kid,kid,noun
sadly,sad,noun
2014,2014,noun
research,research,noun
PAP,pap,noun
smear,smear,noun
daughter,daughter,noun
Avastin,Avastin,noun
Week,week,noun
treatment,treatment,noun
give,give,noun
important,important,noun
SIGN,sign,noun
Panel,panel,noun
battle,battle,noun
join,join,noun
give,give,noun
prevent,prevent,noun
preventable,preventable,noun
due,due,noun
add,add,noun
info,information,noun
lady,lady,noun
Screening,screen,noun
Ladies,lady,noun
regular,regular,noun
active,active,noun
thepapsmear,pap_smear,noun
campaign,campaign,noun
save,save,noun
Merck,Merck,noun
testing,test,noun
find,find,noun
affect,affect,noun
screening,screen,noun
CervicalHealthMonth,CervicalHealthMonth,noun
spread,spread,noun
Risk,risk,noun
report,report,noun
gardasil,Gardasil,noun
raise,raise,noun
parent,parent,noun
STD,STD,noun
world,world,noun
symptom,symptom,noun
receive,receive,noun
question,question,noun
kill,kill,noun
scam,scam,noun
effect,effect,noun
help,help,noun
high,high,noun
word,word,noun
approve,approve,noun
promote,promote,noun
mom,mother,noun
clear,clear,noun
back,back,noun
detection,detection,noun
papillomavirus,papillomavirus,noun
wed,wed,noun
vax,vax,noun
Mar,Mar,noun
great,great,noun
replace,replace,noun
sister,sister,noun
program,program,noun
have,have,noun
learn,learn,noun
dose,dose,noun
tomorrow,tomorrow,noun
debate,debate,noun
cell,cell,noun
school,school,noun
drug,drug,noun
Jones,Jones,noun
simple,simple,noun
Research,research,noun
evidence,evidence,noun
effective,effective,noun
CANCER,cancers,noun
Dr,doctor,noun
start,start,noun
Oral,oral,noun
country,country,noun
protect,protect,noun
article,article,noun
group,group,noun
anal,anal,noun
UK,UK,noun
TRUE,TRUE,noun
start,start,noun
love,love,noun
Rates,rate,noun
side,side,noun
patient,patient,noun
jab,jab,noun
panel,panel,noun
information,information,noun
cervix,cervix,noun
lt,it,noun
Men,man,noun
story,story,noun
Mon,mother,noun
Medical,medical,noun
date,date,noun
body,body,noun
Survival,survival,noun
Thu,Thursday,noun
risky,risk,noun
Replace,replace,noun
hope,hope,noun
GardasilNews,GardasilNews,noun
gyncsm,GYN_cancer,noun
make,make,noun
early,early,noun
forget,forget,noun
pap-smear,pap_smear,noun
model,model,noun
safe,safe,noun
healthy,health,noun
throat,throat,noun
family,family,noun
visit,visit,noun
Girl,Girl,noun
diagnose,diagnose,noun
guy,guy,noun
behavior,behavior,noun
follow,follow,noun
watch,watch,noun
raise,raise,noun
researcher,researcher,noun
answer,answer,noun
Improved,improve,noun
stage,stage,noun
read,read,noun
circumcise,circumcise,noun
female,female,noun
protection,protection,noun
tell,tell,noun
video,video,noun
older,old,noun
post,post,noun
include,include,noun
Free,free,noun
tool,tool,noun
saynotocancer,say_no_to_cancer,noun
point,point,noun
latest,late,noun
encourage,encourage,noun
Smears,smear,noun
chance,chance,noun
picture,picture,noun
million,million,noun
National,national,noun
teen,teen,noun
benefit,benefit,noun
Read,read,noun
Sexual,sexual,noun
cost,cost,noun
bad,bad,noun
Human,human,noun
vaccinate,vaccinate,noun
reason,reason,noun
expert,expert,noun
sit,sit,noun
save,save,noun
success,success,noun
beautiful,beautiful,noun
Africa,Africa,noun
Roche,Roche,noun
care,care,noun
abnormal,abnormal,noun
injection,injection,noun
mushroom,mushroom,noun
Australia,Australia,noun
Daily,daily,noun
exam,exam,noun
live,live,noun
result,result,noun
Heat,heat,noun
cover,cover,noun
immune,immune,noun
think,think,noun
ur,your,noun
change,change,noun
spark,spark,noun
control,control,noun
show,show,noun
head,head,noun
survivor,survival,noun
GARDASIL,Gardasil,noun
Tue,Tuesday,noun
app,app,noun
Oct,October,noun
FREE,free,noun
stop,stop,noun
Program,program,noun
Family,family,noun
happy,happy,noun
trial,trial,noun
pay,pay,noun
fuck,fuck,noun
advance,advance,noun
gold,gold,noun
pass,pass,noun
blood,blood,noun
ovarian,ovarian,noun
discover,discover,noun
prove,prove,noun
move,move,noun
Sun,Sunday,noun
MSM,MSM,noun
Cancers,cancer,noun
home,home,noun
discuss,discuss,noun
issue,issue,noun
schedule,schedule,noun
Recommends,recommend,noun
live,live,noun
system,system,noun
smear,smear,noun
viral,viral,noun
rise,rise,noun
big,big,noun
Truth,truth,noun
Girls,girl,noun
end,end,noun
meet,meet,noun
standard,standard,noun
Katie,Katie,noun
importance,importance,noun
neck,neck,noun
England,England,noun
Vaccine,vaccine,noun
strain,strain,noun
hospital,hospital,noun
Question,question,noun
chat,chat,noun
advocate,advocate,noun
Foundation,foundation,noun
Teenager,teen,noun
door,door,noun
yearly,year,noun
begin,begin,noun
reveal,reveal,noun
half,half,noun
Black,black,noun
factor,factor,noun
Mother,mother,noun
mouth,mouth,noun
patient,patient,noun
High,high,noun
break,break,noun
Test,test,noun
Older,old,noun
Breast,breast,noun
lose,lose,noun
Reuters,Reuters,noun
morning,morning,noun
diagnosis,diagnose,noun
launch,launch,noun
main,main,noun
read,read,noun
map,map,noun
safety,safe,noun
Feb,Feburary,noun
Treatment,treatment,noun
datum,data,noun
shot,shot,noun
Throat,throat,noun
urge,urge,noun
improve,improve,noun
service,service,noun
speak,speak,noun
appointment,appointment,noun
CervicalCancerAwareness,CervicalCancerAwareness,noun
abnormality,abnormal,noun
attend,attend,noun
Japan,Japan,noun
Replace,replace,noun
yr,year,noun
crucial,crucial,noun
Americans,American,noun
Boys,boy,noun
number,number,noun
Infection,Infection,noun
Couric,Couric,noun
transmit,transmit,noun
topic,topic,noun
SMEAR,smear,noun
mammogram,mammogram,noun
line,line,noun
take,take,noun
Anal,anal,noun
condom,condom,noun
DoctorChristian,Dr.Christian,noun
CDCgov,CDC,noun
IamBreastCancer,breast_cancer,noun
Open,open,noun
Early,Early,noun
harm,harm,noun
Story,story,noun
Head,head,noun
gay,gay,noun
alternative,alternative,noun
treat,treat,noun
herpes,herpe,noun
KNH,KNH,noun
Watch,watch,noun
science,science,noun
Neck,neck,noun
tweet,tweet,noun
Great,great,noun
part,part,noun
annual,annual,noun
concern,concern,noun
real,real,noun
Cancer,cancer,noun
Dre,Dre,noun
shit,shit,noun
Teal,Teal,noun
wed,wed,noun
explain,explain,noun
release,release,noun
hurt,hurt,noun
Symptoms,symptom,noun
World,world,noun
deadly,dead,noun
spread,spread,noun
Papillomavirus,papillomavirus,noun
approve,approve,noun
claim,claim,noun
2013,2013,noun
injury,injury,noun
Doctor,doctor,noun
face,face,noun
Cervical,Cervical,noun
teenage,teenage,noun
Cure,cure,noun
twitter,twitter,noun
male,male,noun
OurSalud,OurSalud,noun
blog,blog,noun
impact,impact,noun
terminal,terminal,noun
therapy,therapy,noun
Cervarix,Cervarix,noun
Report,report,noun
aware,aware,noun
record,record,noun
order,order,noun
confirm,confirm,noun
Day,day,noun
worst,bad,noun
WorldCancerDay,WorldCancerDay,noun
follow,follow,noun
CDCwhistleblower,CDC,noun
Info,Information,noun
site,site,noun
son,son,noun
target,target,noun
put,put,noun
Saturday,Saturday,noun
nurse,nurse,noun
positive,positive,noun
adolescent,adolescent,noun
Ribbon,Ribbon,noun
India,India,noun
option,option,noun
Testing,test,noun
dumb,dumb,noun
gardasilinjure,Gardasil_injure,noun
primary,primary,noun
team,team,noun
female,female,noun
MT,MT,noun
cervical cancer,cervical_cancer,noun
HPV vaccine,HPV_vaccine,noun
Cervical Cancer,cervical_cancer,noun
pap smear,pap_smear,noun
Pap smear,pap_smear,noun
HPV Vaccine,HPV_vaccine,noun
smear test,pap_smear,noun
HPV vaccination,HPV_vaccination,noun
cancer screen,cancer_screen,noun
HPV test,HPV_test,noun
Awareness Month,AwarenessMonth,noun
Pap Smear,pap_smear,noun
Cancer Awareness,cancer_awareness,noun
HPV Vaccines,HPV_vaccine,noun
Pap test,pap_test,noun
Vaccines Clean,clean_vaccine,noun
Young Girls,yougn_girl,noun
Cervical cancer,cervical)cancer,noun
cancer prevention,cancer„„prevention,noun
cancer screening,cancer_screen,noun
cancer awareness,cancer_awareness,noun
cancer sign,cancer_sign,noun
age lower,low_age,noun
Cancer Prevention,cancer_prevention,noun
FDA Panel,FDA_panel,noun
HPV Test,HPV_test,noun
HPV infection,HPV_infection,noun
sexually active,sexually_active,noun
Pap Smears ,pap_smears,noun
raise awareness,raise_awareness,noun
Prevention Week,prevention_week,noun
Health Awareness,health_awareness,noun
FDA approve,FDA_approve,noun
save life,save_life,noun
Cervical Health,cervical_health,noun
lose battle,lose_battle,noun
young woman,young_woman,noun
HPV shoot,HPV_shot,noun
genital wart,genital_wart,noun
vaccine prevent,vaccine_prevent,noun
cancer vaccine,cancer_vaccine,noun
circumcise partner,circumcise_partner,noun
Sophie Jones,Sophie_Jones,noun
HPV Vaccination,HPV_vaccination,noun
Cancer Screening,cancer_screen,noun
test Pap,pap_smear,noun
awareness month,Awareness_Month,noun
human papillomavirus,humanpapillomavirus,noun
HPV vax,HPV_vax,noun
vaccinate HPV,HPV_vactinate,noun
pap test,pap_smear,noun
Awareness month,Awareness_Month,noun
Cancer Survival,cancer_survival,noun
screen cervical,cervical_screen,noun
cancer woman,woman_cancer,noun
lose life,lose_life,noun
cancer HPV,HPV_cancer,noun
type HPV,HPV_type,noun
young girl,young_girl,noun
sexual behavior,sexual_behavior,noun
early detection,early_detection,noun
test detect,detect_test,noun
cancer rate,cancer_rate,noun
Gardasil vaccine,Gardasil_vaccine,noun
medical debate,medical_debate,noun
test cervical,cervical_test,noun
HPV shot,HPV_shot,noun
risk HPV,HPV_risk,noun
cancer doctor,cancer_doctor,noun
FDA panel,FDA_panel,noun
gold standard,gold_standard,noun
side effect,side_effect,noun
Gardasil Vaccine,Gardasil_vaccine,noun
HPV jab,HPV_jab,noun
vaccine cancer,cancer_vaccine,noun
HPV testing,HPV_test,noun
reduce risk,reduce_risk,noun
prevent cancer,prevenr_cancer,noun
vaccination rate,vaccination_rate,noun
standard detect,standard_detection,noun
higher risk,high_risk,noun
rate higher,high_rate,noun
PAP smear,pap_smear,noun
risky sexual,sexual_risk,noun
recommend Test,recommend_test,noun
Katie Couric,Katie_Couric,noun
vaccine boy,vaccinate_boy,noun
CervicalCancer Awareness,CervicalCancerAwareness,noun
cancer prevent,cancer_prevent,noun
oral cancer,oral_cancer,noun
cancer Prevention,caner_prevention,noun
cervical CANCER,cervical_cancer,noun
breast cancer,breast_cancer,noun
screening tool,screen_tool,noun
vaccination boy,vaccinate_boy,noun
woman circumcise,woman_circumcise,noun
Vaccination Rates,vaccination_rate,noun
PAP SMEAR,pap_smear,noun
Women circumcise,woman_circumcise,noun
immune system,immune_system,noun
older woman,older_woman,noun
cancer test,cancer_test,noun
cancer risk,cancer_risk,noun
Dr Dre,Dr. Dre,noun
Older Women,older_woman,noun
DNA test,DNA_test,noun
hpv vaccine,HPV_vaccine,noun
HPV Infection,HPV_infection,noun
ovarian cancer,ovarian_cancer,noun