29,29,noun
2005,2005,noun
2006,2006,noun
2007,2007,noun
2008,2008,noun
2009,2009,noun
2010,2010,noun
2011,2011,noun
2012,2012,noun
2013,2013,noun
2014,2014,noun
 USA Today,USAToday,noun
3 dose,three_dose,noun
AAP,AAP,noun
ABC,ABC,noun
ABC News,ABCNews,noun
abnormal,abnormal,noun
Abnormal,abnomal,noun
abnormal Pap,abnormal_pap_smear,noun
Abnormal Pap,abnormal_pap_smear,noun
abnormality,abnormality,noun
abortion,abortion,noun
absolutely,absolutely,noun
abstinence,abstinence,noun
abt,about,noun
Abuja,Abuja,noun
ACA,ACA,noun
Academy,academy,noun
accept,accept,noun
Access,access,noun
access,access,noun
accord,accord,noun
account,account,noun
accuse,accuse,noun
ACIP,ACIP,noun
act,act,noun
Act,act,noun
Action,action,noun
action,action,noun
active,active,noun
Activist,activist,noun
activity,activity,noun
actually,actually,noun
ad,advertisement,noun
ad inaccurate,ad_inaccurate,noun
add,add,noun
address,address,noun
AddToAny,AddToAny,noun
Administration,administration,noun
admit,admit,noun
Adolescent,adolescent,noun
adolescent,adolescent,noun
Adult,adult,noun
adult,adult,noun
advance,advance,noun
Advanced,advance,noun
Advaxis,Advaxis,noun
adverse,adverse,noun
advice,advice,noun
advise,advise,noun
adviser,adviser,noun
Advisory,advisory,noun
advisory,advisory,noun
advocate,advocate,noun
ADXS,Advaxis,noun
affect,affect,noun
AFP,AFP,noun
afraid,afraid,noun
Africa,Africa,noun
after,after,noun
again,again,noun
against,against,noun
age,age,noun
Age,age,noun
age lower,low_age,noun
Agency,agency,noun
ago,ago,noun
agree,agree,noun
ahead,ahead,noun
aid,aid,noun
AIDS,AIDS,noun
aim,aim,noun
air,air,noun
Alaska,Alaska,noun
Alberta,Alberta,noun
Alert,alert,noun
Alex,Alex,noun
all,all,noun
All,all,noun
ALL,all,noun
allow,allow,noun
alternative,alternative,noun
always,always,noun
amazing,amazing,noun
America,America,noun
American,American,noun
Americans,American,noun
among,among,noun
amp,amp,noun
amzn,amzon,noun
Anal,anal,noun
anal,anal,noun
anal cancer,anal_cancer,noun
Anal Cancer,anal_cancer,noun
analysis,analysis,noun
andersoncooper,Anderson_Cooper,noun
Anita,Anita,noun
announce,announce,noun
Announces,announce,noun
annual,annual,noun
annually,annual,noun
another,another,noun
answer,answer,noun
Anthony,Anthony,noun
antibody,antibody,noun
anticancer vaccine,antocancer_vaccine,noun
anybody,anybody,noun
anymore,anymore,noun
anyone,anyone,noun
anything,anything,noun
apologize,apologize,noun
app,app,noun
apparently,apparently,noun
appear,appear,noun
appointment,appointment,noun
approach,approach,noun
approval,approval,noun
Approval,approval,noun
approve,approve,noun
Approved,approve,noun
approximately,approximately,noun
April,April,noun
area,area,noun
argue,argue,noun
argument,argument,noun
Arizona,Arizona,noun
arm,arm,noun
around,around,noun
article,article,noun
Article,article,noun
ask,ask,noun
ask,ask,noun
ass,ass,noun
assault,assault,noun
associate,associate,noun
Associated,associate,noun
Association,association,noun
assume,assume,noun
Attack,attack,noun
attack,attack,noun
attempt,attempt,noun
attend,attend,noun
attention,attention,noun
attitude,attitude,noun
auction,auction,noun
audience,audience,noun
Australia,Australia,noun
australian,australian,noun
author,author,noun
Autism,autism,noun
autism,autism,noun
autoimmune,autoimmune,noun
available,available,noun
Avastin,Avastin,noun
avatar,avatar,noun
avoid,avoid,noun
award,award,noun
aware,aware,noun
awareness,awareness,noun
Awareness,awareness,noun
Awareness Month,awareness_month,noun
awareness month,awareness_month,noun
Awareness month,Awareness_Month,noun
Awareness Week,AwarenessWeek,noun
away,away,noun
awesome,awesome,noun
awkward,awkward,noun
Baby,baby,noun
baby,baby,noun
Bachman,Bachmann,noun
Bachmann,Bachmann,noun
back,back,noun
bad,bad,noun
ban,ban,noun
Bar,bar,noun
base,base,noun
bash,bash,noun
basic,basic,noun
basically,basically,noun
battle,battle,noun
Battle,battle,noun
BBC,BBC,noun
BBC News,BBC_News,noun
bc,because,noun
be,be,noun
Beach,beach,noun
bear,bear,noun
beat,beat,noun
beatbox,beatbox,noun
beautiful,beautiful,noun
beauty,beauty,noun
become,become,noun
bed,bed,noun
before,before,noun
begin,begin,noun
behavior,behavior,noun
behind,behind,noun
belief,belief,noun
believe,believe,noun
beneficial,beneficial,noun
Benefit,benefit,noun
benefit,benefit,noun
best,best,noun
bet,bet,noun
better,better,noun
between,between,noun
bid,bid,noun
Big,big,noun
big,big,noun
biggest,big,noun
Bilderberg,Bilderberg,noun
Bill,Bill,noun
bill,bill,noun
billion,billion,noun
bioethicist,bioethicist,noun
Bioethicist,bioethicist,noun
Bioethicists,bioethicist,noun
Birth,birth,noun
birth,birth,noun
Birth Control,birth_control,noun
birth control,birth_ontrol,noun
birthday,birthday,noun
bit,bit,noun
bitch,bitch,noun
Black,black,noun
black,black,noun
Black Women,black_woman,noun
blame,blame,noun
blast,blast,noun
Blaylock,Blaylock,noun
Blog,blog,noun
blog,blog,noun
blog post,blog_post,noun
Blog Post,blog_post,noun
Blood,blood,noun
blood,blood,noun
blow,blow,noun
Blue,blue,noun
body,body,noun
boldcaleb,Bold_Caleb,noun
book,book,noun
boost,boost,noun
booth,booth,noun
both,both,noun
box,box,noun
boy,boy,noun
boy young,young_boy,noun
boyfriend,boyfriend,noun
Boys,boy,noun
Boys HPV,HPV_boy,noun
Boys Young,young boy,noun
break,break,noun
BreakingNews,BreakingNews,noun
breast,breast,noun
Breast,breast,noun
breast cancer,breast_cancer,noun
Breast Cancer,breast_cancer,noun
breast exam,breast_exam,noun
breastcancer,breast_cancer,noun
bribe,bribe,noun
bring,bring,noun
brother,brother,noun
Brown,Brown,noun
budget,budget,noun
Burcham,Burcham,noun
burn,burn,noun
Bush,Bush,noun
business,business,noun
Business,business,noun
buy,buy,noun
Buzz,Buzz,noun
CA,California,noun
Cain,Cain,noun
California,California,noun
call,call,noun
camera,camera,noun
campaign,campaign,noun
Campaign,campaign,noun
can,can,noun
Canada,Canada,noun
cance,cancer,noun
cancer,cancer,noun
Cancer,cancer,noun
CANCER,camcer,noun
Cancer Awareness,cancer_awareness,noun
cancer Awareness,cancer_awareness,noun
cancer awareness,cancer_awareness,noun
cancer campaign,cancer_campaign,noun
cancer case ,cancer_case ,noun
cancer cause,cause_cancer,noun
cancer cervical,cervical_cancer,noun
Cancer cervical ,cervical_cancer ,noun
cancer death,cancer_death,noun
cancer doctor,cancer_doctor,noun
cancer fact,cancer_fact,noun
cancer HPV,HPV_cancer,noun
Cancer HPV,HPV_cancer,noun
cancer injection,cancer_injection,noun
cancer jab,cancer_jab,noun
cancer kill,cancer_kill,noun
cancer oral,oral_cancer,noun
cancer patient,cancer_patient,noun
cancer prevent,cancer_prevent,noun
cancer preventable,cancer_preventable,noun
cancer prevention,cancer_prevention,noun
Cancer Prevention,cancer_prevention,noun
cancer Prevention,cancer_prevention,noun
cancer Prevention,cancer_prevention,noun
Cancer Prognosis,cancer_prognosis,noun
cancer rate,cancer_rate,noun
cancer risk,cancer_risk,noun
Cancer Risk,cancer_risk,noun
cancer screen,cancer_screen,noun
Cancer Screening,cancer_screen,noun
cancer screening,cancer_screen,noun
cancer shot,cancer_shot,noun
cancer sign,cancer_sign,noun
cancer stage,cancer_stage,noun
Cancer Stages ,cancer_stage,noun
cancer study,cancer_study,noun
Cancer Study,cancer_study,noun
Cancer Surgery,cancer_surgery,noun
cancer surgery,cancer_surgery,noun
cancer Survival,cancer_survival,noun
Cancer Survival,cancer_survival,noun
cancer survivor,cancer_survivor,noun
cancer symptom ,cancer_symptom ,noun
Cancer Symptoms,cancer_symptom,noun
cancer test,cancer_test,noun
Cancer Test,cancer_test,noun
Cancer Treatment,cancer_treatment,noun
cancer treatment ,cancer_treatment ,noun
cancer type,cancer_type,noun
cancer vaccination,cancer_vaccination,noun
Cancer Vaccine,cancer_vaccine,noun
cancer vaccine,cancer_vaccine,noun
cancer virus,cancer_virus,noun
Cancer Virus ,cancer_virus ,noun
cancer woman,woman_cancer,noun
CancerHelpForYou,CancerHelpForYou,noun
cancerous,cancerous,noun
Cancers,cancer,noun
Cancers Throat,throat_cancer,noun
candidate,candidate,noun
caner vaccine,cancer_vaccine,noun
capitalism,capitalism,noun
Caplan,Caplan,noun
car,car,noun
card,card,noun
care,care,noun
Care,care,noun
careful,careful,noun
Carolina,Carolina,noun
carrier,carrier,noun
carry,carry,noun
case,case,noun
castle,castle,noun
Castles,castle,noun
catch,catch,noun
Catholic,Catholic,noun
cause,cause,noun
cause HPV,cause_HPV,noun
Caused,cause,noun
Caused  HPV,cause_HPV,noun
Causes,cause,noun
CBS,CBS,noun
cdc,CDC,noun
CDC,CDC,noun
CDC committee,CDC_committee,noun
CDC recommend,CDC_recommend,noun
CDCCancerChat,CDC,noun
CDCchat,CDC,noun
CDCgov,CDC,noun
CDCSTD,CDC_STD,noun
CDCwhistleblower,CDC,noun
CE,CE,noun
celebrity,celebrity,noun
cell,cell,noun
Cell,cell,noun
Center,center,noun
center,center,noun
certain,certain,noun
Cervarix,Cervarix,noun
cervical,cervical,noun
Cervical,cervical,noun
CERVICAL,cervical,noun
cervical cancer,cervical_cancer,noun
Cervical Cancer,cervical_cancer,noun
Cervical cancer,cervical_cancer,noun
CERVICAL CANCER,cervical_cancer,noun
cervical CANCER,cervical_cancer,noun
Cervical Health,cervical_health,noun
cervical screening,cervical_screen,noun
cervical vaccine  ,cervical_vaccine  ,noun
cervicalcancer,cervical_cancer,noun
CervicalCancer,cervical_cancer,noun
CervicalCancer Awareness,CervicalCancerAwareness,noun
CervicalHealthMonth,CervicalHealthMonth,noun
cervix,Cervix,noun
Cervix,Cervix,noun
challenge,challenge,noun
chance,chance,noun
Chance,chance,noun
change,change,noun
Change,change,noun
charity,charity,noun
Chart,chart,noun
chat,chat,noun
cheap,cheap,noun
check,check,noun
check out,check_out,noun
checkup,checkup,noun
Chicago,Chicago,noun
CHICAGO,Chicago,noun
chick,chick,noun
chicken,chicken,noun
chief,chief,noun
child,child,noun
Children,children,noun
chlamydium,chlamydium,noun
choice,choice,noun
choose,choose,noun
cigarette,cigarette,noun
circumcise,circumcise,noun
circumcise partner,circumcise_partner,noun
circumcision,circumcision,noun
Circumcision,circumcision,noun
circumcision cut,circumcision_cut,noun
Circumcision Cuts,circumcision_cut,noun
cite,cite,noun
City,city,noun
claim,claim,noun
Claim,claim,noun
Claims,claim,noun
class,class,noun
clean,clean,noun
Clean,clean,noun
Clear,clear,noun
clear,clear,noun
clear conscience,clear_conscience,noun
Clear Conscience,clear_conscience,noun
clear HPV,clear_HPV,noun
client,client,noun
clinic,clinic,noun
Clinic,clinc,noun
clinical,clinical,noun
Clinical,clinical,noun
close,close,noun
CME,CME,noun
CNN,CNN,noun
cnn,CNN,noun
cnnteaparty,CNN,noun
CNNTeaParty,CNN,noun
CNNteaparty,CNN,noun
coffee,coffee,noun
Cohen,Cohen,noun
coil,coil,noun
Coils,coil,noun
Colbert,Colbert,noun
cold,cold,noun
College,college,noun
college,college,noun
colonoscopy,colonoscopy,noun
colonoscopy smear ,colonoscopy_smear ,noun
color,color,noun
Colposcopy,colposcopy,noun
Combination,combination,noun
come,come,noun
comment,comment,noun
commercial,commercial,noun
Committee,committee,noun
common,common,noun
common virus,common_virus,noun
commonly,common,noun
community,community,noun
COMPACT,compact,noun
company,company,noun
compare,compare,noun
complementary,complementary,noun
complete,complete,noun
completely,complete,noun
concern,concern,noun
concerned,concerned,noun
condition,condition,noun
condom,condom,noun
condom use,condom_use,noun
Condoms,condom,noun
conference,conference,noun
confirm,confirm,noun
confuse,confuse,noun
connection,connection,noun
conscience,conscience,noun
Conscience,conscience,noun
consent,consent,noun
Consent,consent,noun
consequence,consequence,noun
conservative,conservative,noun
consider,consider,noun
cont,continued,noun
contact,contact,noun
contaminate,contaminate,noun
continue,continue,noun
contraception,contraception,noun
contraceptive,contraceptive,noun
contract,contract,noun
contracting,contact,noun
contrary,contrary,noun
contribute,contribute,noun
contribution,contribution,noun
control,control,noun
Control,control,noun
controversial,controversial,noun
Controversy,controversy,noun
controversy,controversy,noun
conventional,conventional,noun
conversation,conversation,noun
coochie,coochie,noun
cool,cool,noun
correct,correct,noun
Corrects,correct,noun
cost,cost,noun
Council,Council,noun
count,count,noun
country,country,noun
County,county,noun
couple,couple,noun
Couric,Couric,noun
court,court,noun
Court,Court,noun
cover,cover,noun
coverage,coverage,noun
Coverage,coverage,noun
crab,crab,noun
crap,crap,noun
crazy,crazy,noun
Crazy,crazy,noun
create,create,noun
Credited,credit,noun
cringe,cringe,noun
critic,critic,noun
criticism,criticism,noun
criticize,criticize,noun
crony,crony,noun
Crony,crony,noun
cronyism,cronyism,noun
crucial,crucial,noun
cry,cry,noun
Crystal,crystal,noun
crystal,crystal,noun
crystal castle,crystal_castle,noun
Crystal Castles,Cystal_Castles,noun
CSUSB,CSUSB,noun
cultural,cultural,noun
cunnilingus,cunnilingus,noun
cunt,cunt,noun
cure,cure,noun
Cure,cure,noun
Curing,cure,noun
current,current,noun
currently,currently,noun
cut,cut,noun
Cut,cut,noun
Cuts,cut,noun
cuz,because,noun
Cyrus,Cyrus,noun
cytology,cytology,noun
dad,dad,noun
Daily,daily,noun
damage,damage,noun
damn,damn,noun
danger,danger,noun
dangerous,dangerous,noun
Dangerous,dangerous,noun
Dangers,danger,noun
dat,dat,noun
Data,data,noun
date,date,noun
date  site,date_site,noun
Dating,date,noun
datum,data,noun
daughter,daughter,noun
Daughter,daughter,noun
Dave,Dave,noun
day,day,noun
Day,day,noun
DC,DC,noun
dead,dead,noun
Dead,dead,noun
deadly,deadly,noun
Deadly,deadly,noun
deal,deal,noun
Dear,dear,noun
dear,dear,noun
death,death,noun
Death,death,noun
death rate,death_rate,noun
Deaths,death,noun
debacle,debacle,noun
debate,debate,noun
DebraMacki,DebraMacki,noun
December,December,noun
decide,decide,noun
decision,decision,noun
Decision,decision,noun
Deck,deck,noun
declare,declare,noun
decline,decline,noun
decrease,decrease,noun
Dee,Dee,noun
deep,deep,noun
defend,defend,noun
defense,defense,noun
delay,delay,noun
demand,demand,noun
dental,dental,noun
dentist,dental,noun
deny,deny,noun
Department,department,noun
deserve,deserve,noun
design,design,noun
Designation,designation,noun
despite,despite,noun
destroy,destroy,noun
detail,detail,noun
Detailing,detail,noun
detect,detect,noun
Detect,detect,noun
detect early,early_detection,noun
detection,detection,noun
Detection,detection,noun
determine,determine,noun
detox,detox,noun
Detox,detox,noun
develop,develop,noun
develop country,develop_country,noun
Developer,developer,noun
developer,developer,noun
development,development,noun
device,device,noun
diagnose,diagnose,noun
diagnosis,diagnosis,noun
diagnostic test,diagnostic_test,noun
Diane,Diane,noun
dick,dick,noun
didn,did_not,noun
die,die,noun
difference,difference,noun
different,different,noun
dirty,dirty,noun
disabled,disable,noun
disagree,disagree,noun
discover,discover,noun
discuss,discuss,noun
discussion,discussion,noun
disease,disease,noun
Disease,disease,noun
Diseases,disease,noun
dispute,dispute,noun
dlvr,delivery,noun
DNA,DNA,noun
DNA persist,DNA_persist,noun
DNA test,DNA_test,noun
do,do,noun
doc,document,noun
Doc,document,noun
Doctor,doctor,noun
doctor,doctor,noun
DoctorChristian,Dr.Christian,noun
document,document,noun
documentary,documentary,noun
Does,do,noun
doesn,do_not,noun
Doll,doll,noun
doll,doll,noun
Dolphins,dolphins,noun
don,do_not,noun
Don,do_not,noun
donate,donate,noun
donation,donation,noun
dont,do_not,noun
door,door,noun
dose,dose,noun
Dose,dose,noun
dose HPV,HPV_dose,noun
Doses,dose,noun
double,double,noun
doubt,doubt,noun
Douglas,Douglas,noun
down,down,noun
Dr,doctor,noun
dr,Doctor,noun
Dr Dre,Dr.Dre,noun
dramatically,dramatically,noun
draw,draw,noun
drbloem,Dr. Bloem,noun
DrChrisSteele,DrChrisSteele,noun
Dre,Dre,noun
dre,Dre,noun
dream,dream,noun
DrFriedenCDC,CDC,noun
drink,drink,noun
drinking,drink,noun
Drive,drive,noun
drive,drive,noun
DrJenGunter,DrJenGunter,noun
drop,drop,noun
Drop,drop,noun
DrOz,DrOz,noun
Drs Dave,Dr. Dave,noun
drug,drug,noun
Drug,drug,noun
Drug Administration,drug_administration,noun
drug company,drug_company,noun
Drug Designation,drug_designation,noun
drug prevent,drug_prevent,noun
drunk,drink,noun
DTN,DTN,noun
dude,dude,noun
due,due,noun
dumb,dumb,noun
during,during,noun
Dying,die,noun
dysplasium,dysplasium,noun
each,each,noun
earlier,early,noun
early,early,noun
Early,early,noun
early detection,early_detection,noun
Early Detection,early_detection,noun
earn,earn,noun
easily,easy,noun
East,east,noun
easy,easy,noun
eat,eat,noun
Economic,economic,noun
economy,economy,noun
Ed,Ed,noun
Editorial,editorial,noun
educate,educate,noun
Education,education,noun
effect,effect,noun
effect vaccine,effect_vaccine,noun
effective,effective,noun
Effective,Effective,noun
Effects,dffect,noun
Efficacy,efficacy,noun
effort,effort,noun
eight,eight,noun
election,election,noun
eliminate,eliminate,noun
else,else,noun
email,email,noun
email,email,noun
encourage,encourage,noun
end,end,noun
Endometrial,endometrial,noun
endometrial,endometrial,noun
endorse,endorse,noun
endorsement,endorsement,noun
England,England,noun
enjoy,enjoy,noun
enough,enough,noun
enter,enter,noun
entire,entire,noun
Epilepsy,epilepsy,noun
episode,episode,noun
eradicate,eradicate,noun
err,error,noun
error,error,noun
esophageal,esophageal,noun
esophageal cancer,esophageal_cancer,noun
essential,essential,noun
estimate,estimate,noun
event,event,noun
ever,ever,noun
everyone,everyone,noun
everything,everything,noun
evidence,evidence,noun
EWErickson,EWErickson,noun
exactly,exactly,noun
exam,exam,noun
examine,examine,noun
exceed,exceed,noun
exchange,exchange,noun
excuse,excuse,noun
exec,execise,noun
execute,execute,noun
executive,executive,noun
executive order,executive_order,noun
expand,expand,noun
expect,expect,noun
expensive,expensive,noun
experience,experience,noun
expert,expert,noun
explain,explain,noun
expose,expose,noun
Exposed,expose,noun
exposure,exposure,noun
extend,extend,noun
eye,eye,noun
face,face,noun
facebook,Facebook,noun
Facebook,Facebook,noun
facilitate,facilitate,noun
fact,fact,noun
Fact,fact,noun
factor,factor,noun
Factors,factor,noun
Facts,fact,noun
fail,fail,noun
failure,failure,noun
faint,faint,noun
fall,fall,noun
family,family,noun
Family,family,noun
fan,fan,noun
Fantasia,Fantasia,noun
far,far,noun
Fashion,fashion,noun
fast,fast,noun
Fat,fat,noun
favor,favor,noun
favorite,favorite,noun
fb,Facebook,noun
FB,Facebook,noun
FDA,FDA,noun
fda,FDA,noun
FDA approve,FDA_approve,noun
FDA panel,FDA_panel,noun
fear,fear,noun
fear monger,fear_monger,noun
feature,feature,noun
Feb,Feburary,noun
February,February,noun
federal,federal,noun
Federal,Federal,noun
feed,feed,noun
feel,feel,noun
feeling,feeling,noun
Female,female,noun
female,female,noun
female reproduction,female_reproduction,noun
fence,fence,noun
fewer,fewer,noun
FiercePharma,Fierce_Pharma,noun
fight,fight,noun
fight cervical,fight_cervical,noun
fightcervicalcancer,cervical_cancer,noun
fighting,fight,noun
FIGO,FIGO,noun
figure,figure,noun
file,file,noun
film,film,noun
final,final,noun
finally,finally,noun
financial,financial,noun
financial tie,finicial_tie,noun
find,find,noun
finding,find,noun
fine,fine,noun
finger,finger,noun
finish,finish,noun
Fire,fire,noun
fire,fire,noun
firm,firm,noun
flap,flap,noun
flash,flash,noun
Flash,flash,noun
flat,flat,noun
float,float,noun
flu,flu,noun
Flu,flu,noun
focus,focus,noun
folk,folk,noun
follow,follow,noun
follower,follower,noun
Food,food,noun
food,food,noun
Food Drug,food_drug,noun
foot,foot,noun
force,force,noun
Foreskin,Foreskin,noun
forever,forever,noun
forget,forget,noun
form,form,noun
Forum,forum,noun
forward,forward,noun
Found,find,noun
Foundation,foundation,noun
Fox,Fox,noun
fox,Fox,noun
Fox News,Fox_News,noun
foxandfriend,Fox,noun
foxnew,Fox,noun
France,France,noun
freak,freak,noun
free,free,noun
Free,free,noun
FREE,free,noun
freedom,freedom,noun
frequent,frequent,noun
Friday,Friday,noun
friend,friend,noun
Friends,friend,noun
fuck,fuck,noun
fuel,fuel,noun
fuel virus,fuel_virus,noun
Full,full,noun
full,full,noun
fun,fun,noun
fund,fund,noun
funding,fund,noun
funny,funny,noun
game,game,noun
gap,gap,noun
Gardasil,Gardasil,noun
gardasil,Gardasil,noun
GARDASIL,Gardasil,noun
Gardasil Cervarix,Gardasil_Cervarix,noun
Gardasil developer,Gardasil_developer,noun
Gardasil issue,Gardasil_issue,noun
Gardasil Merck,Merck_Gardasil,noun
Gardasil prevention,Gardasil_prevention,noun
gardasil shot,Gardasil_shot,noun
Gardasil shot ,Gardasil_shot ,noun
Gardasil Shots,Gardasil_shot,noun
Gardasil vaccination,Gardasil_vaccination,noun
Gardasil vaccine,gardasil_vaccine,noun
Gardasil Vaccine,Gardasil_vaccine,noun
gardasil vaccine,Gardasil_vaccine,noun
Gardasil victim,Gardasil_victim,noun
gardasilinjure,Gardasil_injure,noun
GardasilNews,GardasilNews,noun
Gardasilvictims,Gardasil_victims,noun
Gardisil,Gardisil,noun
GAVI,GAVI,noun
gay,gay,noun
Gay,gay,noun
gay boy,gay_men,noun
gay man,gay_man,noun
Gay Men,gay_men,noun
GB,good_job,noun
gd,good,noun
general,general,noun
General,General,noun
generation,generation,noun
genital,genital,noun
Genital,genital,noun
genital herpes,genital_herpe,noun
Genital Herpes,genital_herpe,noun
genital HPV ,genital_HPV,noun
genital wart,genital_wart,noun
Genital Wart,genital_wart,noun
Genital Warts,genital_wart,noun
Genotyping,Genotyping,noun
George,George,noun
get,get,noun
gettin,get,noun
Ghana,Ghana,noun
Giant,giant,noun
gift,gift,noun
girl,girl,noun
Girl,girl,noun
girl vaccinate,vaccinate_girl,noun
girl vaccine,vaccinate_girl,noun
girlfriend,girlfriend,noun
Girls,girl,noun
give,give,noun
Giving,give,noun
glad,glad,noun
glass,glass,noun
Glaxo,GSK,noun
Glaxo HPV,GSK_HPV,noun
GlaxoSmithKline,GSK,noun
global,global,noun
Global,global,noun
globally,global,noun
go,go,noun
God,God,noun
god,God,noun
Gold,gold,noun
gold,gold,noun
gold standard,gold_standard,noun
gonorrhea,gonorrhea,noun
good,good,noun
Good,good,noun
good news,good_news,noun
Goody,goody,noun
Goof,goof,noun
google,Google,noun
Google,Google,noun
gop,Republican,noun
GOP,Republican,noun
GOP debate,GOP_debate,noun
gopdebate,GOP_debate,noun
Got,get,noun
Gov,government,noun
gov,government,noun
Gov Perry,Rick_Perry,noun
government,government,noun
Government,government,noun
Governor,governor,noun
governor,governor,noun
GovernorPerry,Rick_Perry,noun
govt,government,noun
Govt,government,noun
GP,GP,noun
grade,grade,noun
great,great,noun
Great,great,noun
greater,great,noun
Green,Green,noun
Griffin,Griffin,noun
gross,gross,noun
group,group,noun
Group,group,noun
grow,grow,noun
growth,growth,noun
GSK,GSK,noun
GSKUS,GSK,noun
Guardian,Guardian,noun
guardian,Guardian,noun
guess,guess,noun
Guess,Guess,noun
guess,guess,noun
Guide,guide,noun
guide,guide,noun
guideline,guideline,noun
Guidlines,guidline,noun
guy,guy,noun
Guys,guy,noun
GYN,gyn,noun
gyn,gyn,noun
gyncsm,GYN_cancer,noun
gynecologist,gynecologist,noun
gyno,gyno,noun
haha,haha,noun
hail,hail,noun
hair,hair,noun
Haiti,Haiti,noun
Haley,Haley,noun
halt,halt,noun
halve,halve,noun
hammer,hammer,noun
Hand,hand,noun
hand,hand,noun
handle,handle,noun
happen,happen,noun
happy,happy,noun
hard,hard,noun
harm,harm,noun
harmful,harmful,noun
Harper,Harper,noun
Harry,Harry,noun
Harry Potter,Harry_Potter,noun
Harry Styles,harry_Styles,noun
hashtag,hashtag,noun
Hate,hate,noun
hate,hate,noun
haunt,haunt,noun
have,have,noun
haven,have,noun
he,he,noun
head,head,noun
Head,head,noun
headline,headline,noun
Health,health,noun
health,health,noun
HEALTH,health,noun
Health Awareness,health_awareness,noun
Health Buzz ,health_buzz ,noun
health care,healthcare,noun
Health Department,Health_Department,noun
health insurace,health_insurance,noun
health insurance,health_insurance,noun
Health Issues,health_issues,noun
Health Issues,health_issues,noun
Health News ,health_news ,noun
health snippet,health_snippet,noun
health wellness,health_wellness,noun
healthcare,healthcare,noun
Healthcare,healthcare,noun
HealthDay,HealthDay,noun
healthy,healthy,noun
hear,hear,noun
heart,heart,noun
Heart,heart,noun
heart attack,heart_attack,noun
heart disease,heart_disease,noun
Heart Disease,heart_disease,noun
heart disease,heart_disease,noun
Heart Problems,heart_problem,noun
heartandsoulmag,heartandsoulmag,noun
heat,heat,noun
Heat,heat,noun
Heated,heat,noun
Heated Battle,heated_battle,noun
Heather,Heather,noun
Helium,Helium,noun
hell,hell,noun
help,help,noun
Henrietta,Henrietta,noun
Hep,Hep,noun
Hepatitis,hepatitis,noun
Herald,Herald,noun
here,here,noun
herpe,herpe,noun
Herpes,herpes,noun
herpes,herpes,noun
Hey,hey,noun
hey,hey,noun
hide,hide,noun
high,high,noun
High,high,noun
high risk,high_risk,noun
higher,high,noun
higher risk,high_risk,noun
Highest,high,noun
highest,high,noun
highlight,highlight,noun
highly,high,noun
hilarious,hilarious,noun
Hispanic,Hispanic,noun
history,history,noun
hit,hit,noun
HIV,HIV,noun
hiv,HIV,noun
HIV AIDS,HIV_AIDS ,noun
HIV drug,HIV_drug,noun
HIV herpes,HIV_herpes,noun
HIV infection,HIV_infection,noun
hoe,hoe,noun
hold,held,noun
holiday,holiday,noun
holyhormone,holyhormone,noun
home,home,noun
Home,home,noun
honest,honest,noun
honestly,honest,noun
honor,honor,noun
hooker,hooker,noun
hope,hope,noun
Hope,hope,noun
Hopkins,Hopkins,noun
Hormones,hormones,noun
Hormones Matter,hormones_matter,noun
horrible,horrible,noun
hospital,hospital,noun
Hospital, hospital,noun
Hospitalized,hospitalize,noun
host,host,noun
hot,hot,noun
hour,hour,noun
House,house,noun
house,house,noun
HOUSING,house,noun
hov vaccine,HPV_vaccine,noun
how,how,noun
HPV,HPV,noun
hpv,HPV,noun
Hpv,HPV,noun
HPV affect,HPV_affect,noun
HPV Cancer,HPV_cancer,noun
HPV cancer,HPV_cancer,noun
hpv cancer,HPV_cancer,noun
HPV debate,HPV_debate,noun
HPV decision,HPV_decision,noun
HPV DNA,HPV_DNA,noun
HPV genital,genital_HPV,noun
HPV infection,HPV_infection,noun
HPV Infection,HPV_Infection,noun
HPV Infections,HPV_infection,noun
HPV injection,HPV_injection,noun
hpv injection,HPV_injection,noun
HPV issue,HPV_issue,noun
HPV jab,HPV_jab,noun
hpv jab,HPV_jab,noun
HPV prevention,HPV_prevention,noun
HPV rate,HPV_rate,noun
HPV risk,HPV_risk,noun
HPV Risk,HPV_risk,noun
HPV screen,HPV_screen,noun
HPV shoot,HPV_shot,noun
HPV shot,HPV_shot,noun
hpv shot,HPV_shot,noun
HPV Shot,HPV_shot,noun
HPV spread,HPV_spread,noun
HPV STD ,HPV_STD ,noun
HPV test,HPV_test,noun
HPV Test,HPV_test,noun
HPV testing,HPV_test,noun
HPV Testing,HPV_test,noun
HPV Tests,HPV_test,noun
HPV Transmission,HPV_transmission,noun
HPV Trasmission,HPV_transmission,noun
HPV type,HPV_type,noun
HPV vaccination,HPV_vaccination,noun
HPV Vaccination,HPV_vaccination,noun
HPV Vaccinations,HPV_vaccination,noun
HPV Vaccine,HPV_vaccine,noun
Hpv Vaccine,HPV_vaccine,noun
HPV vaccine,HPV_vaccine,noun
hpv vaccine,HPV_vaccine,noun
HPV Vaccines,HPV_vaccine,noun
HPV vax,HPV_vax,noun
HPV virus,HPV_virus,noun
HPV Virus,HPV_virus,noun
HPV Viruses,HPV_virus,noun
hpv wart,HPV_wart,noun
HPV16,HPV,noun
hpvc,HPV,noun
HPVC,HPV,noun
hpvrelated cancer,HPV-related_cancer,noun
HPVs,HPV,noun
HPVvaccine,HPV_vaccine,noun
HSV,HSV,noun
HT,HT,noun
huff,huff,noun
Huffington,Huffingtonpost,noun
huffingtonpost,HuffingtonPost,noun
HuffingtonPost,HuffingtonPost,noun
huge,huge,noun
Hulu,Hulu,noun
human,human,noun
Human,human,noun
human blood,human_blood,noun
human papilloma,humanpapilloma,noun
Human Papilloma,humanpapilloma,noun
Human Papillomavirus,humanpapillomavirus,noun
human papillomavirus,humanpapillomavirus,noun
hurt,hurt,noun
husband,husband,noun
Husband,husband,noun
hypem,hypem,noun
hysterectomy,hysterectomy,noun
Hysterectomy,hysterectomy,noun
I,I,noun
i,I,noun
Ian,Ian,noun
idea,idea,noun
identify,identify,noun
Identifying,identify,noun
idiot,idiot,noun
ignorance,ignore,noun
ignore,ignore,noun
Ignores,ignore,noun
Ignores Health,health_jgnore,noun
illegal,illegal,noun
illness,illness,noun
im,I_am,noun
Im,I_am,noun
imagine,imagine,noun
immigrant,immigrant,noun
immigration,immigration,noun
immune,immune,noun
immune system,immune_system,noun
immunisation,immunisation,noun
immunity,immunity,noun
immunization,immunization,noun
immunize,immunize,noun
Impact,impact,noun
impact,impact,noun
importance,importance,noun
Importance,importance,noun
important,important,noun
impose,impose,noun
improve,improve,noun
Improved,improve,noun
IMRT,IMRT,noun
inaccurate,inaccurate,noun
inaccurate misleading,inaccurate_misleading,noun
incidence,incidence,noun
include,include,noun
increase,increase,noun
increase risk,increase_risk,noun
Increases,increase,noun
India,India,noun
indian,Indian,noun
induce,induce,noun
industry,industry,noun
Infants,infant,noun
infect,infect,noun
infect HPV ,infect_HPV ,noun
infected,infect,noun
Infected,Infect,noun
Infected HPV,HPV_infect,noun
infected HPV,HPV_infect,noun
infection,infection,noun
Infection,infection,noun
Infection Rate,infection_rate,noun
infection rate,infection_rate,noun
Infection Rates,infection_rate,noun
infection STI,STI_infection,noun
Infections,infection,noun
infertility,infertility,noun
info,information,noun
Info,information,noun
inform,inform,noun
information,information,noun
Information,information,noun
injection,injection,noun
injury,injury,noun
Injury,injury,noun
innocent,innocent,noun
inoculation,inoculation,noun
inside,inside,noun
instance,instance,noun
instead,instead,noun
Institute,institute,noun
insurance,insurance,noun
Insurance,insurance,noun
interested,interest,noun
interesting,interesting,noun
Interesting,interesting,noun
International,International,noun
international,international,noun
Internet,internet,noun
interview,interview,noun
Interview,interview,noun
Intrauterine,Intrauterine,noun
intrauterine,intrauterine,noun
introduce,introduce,noun
invasive,invasive,noun
involve,involve,noun
Iowa,Iowa,noun
iranian,iranian,noun
Ireland,Ireland,noun
irresponsible,irresponsible,noun
isn,is_not,noun
issue,issue,noun
Issue,issue,noun
Issues,issue,noun
it,it,noun
iud,IUD,noun
IUD,IUD,noun
iud cut,IUD_cut,noun
iud prevent,IUD_prevent,noun
IUD protect,IUD_protect,noun
IUDs,IUD,noun
jab,jab,noun
Jab,jab,noun
Jade,Jade,noun
jade,jade,noun
Jade Goody ,Jade_Goody ,noun
jag,jag,noun
Jan,January,noun
January,January,noun
Japan,Japan,noun
Jay,Jay,noun
Jay Leno,Jay_Leno,noun
Jennifer,Jennifer,noun
Jerry,Jerry,noun
Jesus,Jesus,noun
Jezebel,Jezebel,noun
jiffy,jiffy,noun
job,job,noun
Joel,Joel,noun
John,John,noun
Johnson,Johnson,noun
join,join,noun
joke,joke,noun
Jon,Jon,noun
Jon Kyl,Jon_Kyl,noun
Jones,Jones,noun
Judicial,judicial,noun
July,July,noun
Julyna,Julyna,noun
jump,jump,noun
June,June,noun
jus,jus,noun
just,just,noun
Justice,justice,noun
Juvenile,juvenile,noun
Juvenile Justice,juvenile_justice,noun
kat,kat,noun
Kathy,Kathy,noun
Kathy Griffin,Kathy_Griffin,noun
kathygriffin,Kathy_Griffin,noun
Katie,Katie,noun
Katie Couric,Katie_Couric,noun
katiecouric,Katie_Couric,noun
keep,keep,noun
kellyoxford,kellyoxford,noun
Kenya,Kenya,noun
key,key,noun
Key,key,noun
Key group,key_group,noun
kid,kid,noun
kill,kill,noun
killer,killer,noun
Killer,killer,noun
kind,kind,noun
kiss,kiss,noun
kit,kit,noun
KNH,KNH,noun
know,know,noun
Know,know,noun
know HVP ,know_HVP ,noun
knowledge,knowledge,noun
knowledgeable,knowledge,noun
Kyl,Kyl,noun
lab,lab,noun
Lab,lab,noun
lack,lack,noun
Ladies,lady,noun
lady,lady,noun
Lady,lady,noun
lady,lady,noun
lag,lag,noun
lagging,lag,noun
Lagos,Lagos,noun
Lancet,Lancet,noun
large,large,noun
largest,large,noun
laryngeal,laryngeal,noun
last,last,noun
late,late,noun
later,late,noun
latest,late,noun
latest auction ,latest_auction ,noun
latime,latime,noun
Latinas,Latinas,noun
latism,latism,noun
laugh,laugh,noun
launch,launch,noun
Launch,launch,noun
law,law,noun
Law,Law,noun
lead,lead,noun
leader,leader,noun
learn,learn,noun
Learn,Learn,noun
least,least,noun
leave,leave,noun
leg,leg,noun
legalize,legalize,noun
legislature,legislature,noun
Leno,Leno,noun
lesbian,lesbian,noun
lesion,lesion,noun
let,let,noun
letter,letter,noun
Liam,Liam,noun
Liam Payne,Liam_Payne,noun
license,license,noun
lie,lie,noun
life,life,noun
Life,life,noun
lifetime,lifetime,noun
like,like,noun
likely,likely,noun
Lil,little,noun
lil,little,noun
Limbaugh,Limbaugh,noun
limit,limit,noun
line,line,noun
link,link,noun
Link,link,noun
Linked,link,noun
Links,link,noun
list,list,noun
listen,listen,noun
Listening,listen,noun
Live,live,noun
live,live,noun
LiveScience,LiveScience,noun
lobby,lobby,noun
lobbyist,lobbyist,noun
local,local,noun
Local,local,noun
long,long,noun
Long,long,noun
longer,long,noun
look,look,noun
Los Angeles,Los_Angeles,noun
lose,lose,noun
lose battle,lose_battle,noun
lose life,lose_life,noun
loss,loss,noun
lot,lot,noun
love,love,noun
Love,love,noun
Low,low,noun
low,low,noun
Low cost,low_cost,noun
Low Rates,low_rate,noun
lower,low,noun
Lower,low,noun
lower age,low_age,noun
lube,lube,noun
luck,luck,noun
lucky,lucky,noun
lung,lung,noun
Lung,Lung,noun
lung cancer,lung_cancer,noun
Lung Cancer,lung_cancer,noun
lymphoma,lymphoma,noun
Maddow,Maddow,noun
Magazine,magazine,noun
Mail,mail,noun
main,main,noun
major,major,noun
Major,major,noun
make,make,noun
Make,make,noun
maker,maker,noun
makeup,makeup,noun
Malaysia,Malaysia,noun
Male,male,noun
male,male,noun
Male Circumcision,male_circumcision,noun
Males,male,noun
Malkin,Malkin,noun
mama,mama,noun
mammogram,mammogram,noun
man,man,noun
Man,man,noun
man HPV,man_HPV,noun
manage,manage,noun
mandate,mandate,noun
Mandate,mandate,noun
mandatory,mandatory,noun
Mandy,Mandy,noun
Mandy Moore ,Mandy_Moore ,noun
many,many,noun
map,map,noun
Mar,March,noun
March,March,noun
market,market,noun
Market,market,noun
Marketing,market,noun
marketing,market,noun
marriage,marriage,noun
Marriage,marriage,noun
marry,marry,noun
Mass,mass,noun
Mass Breast,mass_breast,noun
massive,massive,noun
matter,matter,noun
Matter,matter,noun
MD,MD,noun
mean,mean,noun
means,mean,noun
Media,media,noun
media,media,noun
Medical,medical,noun
medical,medical,noun
Medical Center,medical_center,noun
medical debate,medical_debate,noun
Medical Tourism,medical_tourism,noun
medicine,medicine,noun
Medicine,medicine,noun
Meet,meet,noun
meet,meet,noun
member,member,noun
Men,man,noun
mental,mental,noun
Mental,mental,noun
mental retardation,mental_retardation,noun
Mental Retardation,mental_retardation,noun
mentally,mental,noun
mention,mention,noun
merck,Merck,noun
MERCK,Merck,noun
Merck,Merck,noun
Merck cervical,Merck_Gardasil,noun
Merck Gardasil,Merck_Gardasil,noun
Merck issue,Merck_issue,noun
Merck Qiagen,Merck_Qiagen,noun
mercolum,mercolum,noun
Mesothelioma,mesothelioma,noun
Mesothelioma Info ,Mesothelioma_information,noun
message,message,noun
Met,MET,noun
method,method,noun
Mexico,Mexico,noun
MI,Michigan,noun
Miami,Miami,noun
Miami Beach,Miami_beach,noun
Michael,Michael,noun
Michael Douglas,Michael_Douglas,noun
Michele,Michelle,noun
Michele Bachmann,Michelle_Bachmann,noun
MicheleBachmann,Michelle_Bachmann,noun
Michelle,Michelle,noun
Michelle Bachman,Michelle_Bachmann,noun
Michelle Bachmann,Michelle_Bachmann,noun
michellemalkin,Michelle_Malkin,noun
might,might,noun
Might,might,noun
Mighty,mighty,noun
Mighty Miley,Mighty_Miley,noun
Miley,Miley,noun
Miley Cyrus,Miley_Cyrus,noun
Miller,Miller,noun
million,million,noun
min,min,noun
mind,mind,noun
mine,mine,noun
Ministry,Ministry,noun
Minnesota,Minnesota,noun
minor,minor,noun
minority,minority,noun
minute,minute,noun
misinformation,misinformation,noun
mislead,mislead,noun
miss,miss,noun
mistake,mistake,noun
Mistake,mistake,noun
MMR,MMR,noun
mob,mob,noun
mobus,mobus,noun
Model,model,noun
model,model,noun
molecular,molecular,noun
mom,mother,noun
moment,moment,noun
momma,momma,noun
Moms,mother,noun
Mon,Monday,noun
Monday,Monday,noun
monday,Monday,noun
money,money,noun
money Haiti ,Haiti_money ,noun
monger,monger,noun
Month,month,noun
month,month,noun
Moore,Moore,noun
more,more,noun
morning,morning,noun
moron,moron,noun
most,most,noun
mother,mother,noun
Mother,mother,noun
mouth,mouth,noun
Mouth,mouth,noun
Mouth Cancer ,mouth_cancer ,noun
move,move,noun
Movember,November,noun
movie,movie,noun
MRI,MRI,noun
MSM,MSM,noun
msnbc,MSNBC,noun
MSNBC,MSNBC,noun
MT,Montana,noun
Mujeres,woman,noun
multiple,multiple,noun
mum,mum,noun
Mum,mum,noun
mushroom,mushroom,noun
music,music,noun
must,must,noun
my,my,noun
MY,my,noun
myself,myself,noun
myth,myth,noun
Nairobi,Nairobi,noun
name,name,noun
nasty,nasty,noun
nation,nation,noun
National,national,noun
national,national,noun
nationwide,nationwide,noun
Natural,natural,noun
natural,natural,noun
naturally,natural,noun
NCI,NCI,noun
nearly,nearly,noun
neck,neck,noun
Neck,neck,noun
neck cancer,neck_cancer,noun
Neck Cancer,neck_cancer,noun
need,need,noun
needle,needle,noun
negative,negative,noun
Network,Network,noun
never,never,noun
New,new,noun
new,new,noun
NEW,new,noun
New Blog,new_blog,noun
New blog,new_blog,noun
New post,new_post,noun
New Study,new_study,noun
new study,new_study,noun
newly,new,noun
News,news,noun
news,news,noun
NEWS,news,noun
News Politicizes,politicized_news,noun
NHS,NHS,noun
NiallOfficial,NiallOfficial,noun
nice,nice,noun
Nigeria,Nigeria,noun
nigga,nigga,noun
Niggas,nigga,noun
night,night,noun
Night,night,noun
NIH,NIH,noun
no,no,noun
No,no,noun
nonsense,nonsense,noun
normal,normal,noun
not,not,noun
NOT,not,noun
not vaccine,not_vaccine,noun
note,note,noun
Notes,note,noun
nothing,nothing,noun
notice,notice,noun
NotIntendedToBeAFactualStatement,NotIntendedToBeAFactualStatement,noun
November,November,noun
now,now,noun
NPR,NPR,noun
nprnew,NPRNews,noun
number,number,noun
nurse,nurse,noun
nxy,NXY,noun
NY,NY,noun
NYC,NYC,noun
nytime,NYTime,noun
Obama,Obama,noun
Obamacare,Obamacare,noun
object,object,noun
occur,occur,noun
Oct,October,noun
October,October,noun
off,off,noun
offer,offer,noun
offer free,free_offer,noun
office,office,noun
official,official,noun
Officials,official,noun
often,often,noun
ok,okay,noun
okay,okay,noun
old,old,noun
older,old,noun
Older,old,noun
older woman,older_woman,noun
Older Women,older_woman,noun
OMG,OMG,noun
omg,OMG,noun
omit,omit,noun
Oncology,oncology,noun
online,online,noun
Online,online,noun
only,only,noun
oohja,OOHJA,noun
open,open,noun
Open,open,noun
Open Question,open_question,noun
opinion,opinion,noun
oppose,oppose,noun
Oprah,Oprah,noun
opt,option,noun
Options,option,noun
oral,oral,noun
Oral,oral,noun
oral cancer,oral_cancer,noun
Oral Cancer,oral_cancer,noun
Oral Cancers,oral_cancer,noun
oral health,oral_health,noun
oral sex,oral_sex,noun
Oral sex,oral_sex,noun
Oral sex,oral_sex,noun
order,order,noun
Oropharyngeal,oropharyngeal,noun
oropharyngeal,oropharyngeal,noun
oropharyngeal cancer,oropharyngeal_cancer,noun
oropharynx,oropharynx,noun
Orphan,orphan,noun
oscar,oscar,noun
OurSalud,OurSalud,noun
out,out,noun
outcome,outcome,noun
Outcomes,outcome,noun
outside,outside,noun
ovarian,ovarian,noun
Ovarian,ovarian,noun
Ovarian Cancer,ovarian_cancer,noun
ovarian cancer,ovarian_cancer,noun
Ovaries,ovary,noun
ovary,ovary,noun
ovary destroy,destroy ovary,noun
over,over,noun
overdose,overdose,noun
overtest,overtest,noun
Overview,overview,noun
own,own,noun
Oz,Oz,noun
pack,pack,noun
page,page,noun
pain,pain,noun
painful,pain,noun
palette,palette,noun
Palin,Palin,noun
palin,Palin,noun
palm,palm,noun
panel,panel,noun
Panel,panel,noun
panic,panic,noun
pap,pap,noun
Pap,pap,noun
PAP,pap,noun
Pap Smear,pap_smear,noun
Pap smear,pap_smear,noun
PAP SMEAR,pap_smear,noun
pap smear,pap_smear,noun
PAP smear,pap_smear,noun
Pap Smears,pap_smear,noun
Pap test,pap_smear,noun
pap test,pap_smear,noun
Pap Test,pap_smear,noun
Pap Tests,pap_smear,noun
pap-smear,pap_smear,noun
paper,paper,noun
Papilloma,papilloma,noun
papilloma,papilloma,noun
Papilloma Virus,papillomavirus,noun
papilloma virus,papillomavirus,noun
papillomavirus,papillomavirus,noun
Papillomavirus,papillomavirus,noun
papillomavirus type,papillomavirus_type,noun
Papillomavirus Vaccine,papillomavirus_vaccine,noun
papillomavirus vaccine,papillomavirus_vaccine,noun
papsmear,pap_smear,noun
Papsmear,pap_smear,noun
PapSmear,pap_smear,noun
PAPSMEAR,pap_smear,noun
PAPsmear,pap_smear,noun
papSmear1,pap_smear,noun
papsmear1,pap_smear,noun
papsmearino,pap_smear,noun
parent,parent,noun
parental,parental,noun
parental consent,parental_consent,noun
Parenthood,parenthood,noun
parenthood,parenthood,noun
parenting,parent,noun
Parents,parent,noun
part,part,noun
Part,part,noun
participate,participate,noun
partner,partner,noun
Partner,parnter,noun
Partners,partner,noun
party,party,noun
Party,party,noun
pass,pass,noun
pathogenposse,pathogenposse,noun
patient,patient,noun
Patients,patient,noun
Paul,Paul,noun
pay,pay,noun
Payne,Payne,noun
Pearl,pearl,noun
pediatrician,pediatrician,noun
Pediatricians,pediatrician,noun
Pediatrics,pediatrics,noun
pelvic,pelvic,noun
penis,penis,noun
People,people,noun
people,people,noun
percent,percent,noun
perform,perform,noun
perfume,perfume,noun
period,period,noun
Perry,perry,noun
perry,Perry,noun
Perrycare,Perrycare,noun
persist,persist,noun
person,person,noun
personal,personal,noun
personally,personally,noun
perspective,perspective,noun
perversion,perversion,noun
Peter,Peter,noun
petition,petition,noun
pharma,pharma,noun
Pharma,pharma,noun
pharmaceutical,pharmaceutical,noun
Pharmacy,Pharmacy,noun
phase,phase,noun
phone,phone,noun
photo,photo,noun
physical,physical,noun
physician,physician,noun
Physicians,physician,noun
pick,pick,noun
picture,picture,noun
Pictures,picture,noun
piece,piece,noun
pill,pill,noun
Pink,pink,noun
pink,pink,noun
piss,piss,noun
pl,please,noun
place,place,noun
Plan,plan,noun
plan,plan,noun
Planned,plan,noun
Planned Parenthood,plan_parenthood,noun
play,play,noun
please,please,noun
pledge,pledge,noun
plixus,plixus,noun
Pls,please,noun
podcast,podcast,noun
point,point,noun
Points,point,noun
poison,poison,noun
policy,policy,noun
polio,polio,noun
Political,political,noun
political,political,noun
Political fight,political_fight,noun
politician,politician,noun
Politicizes,politicizes,noun
politics,politics,noun
Politics,politics,noun
polyDNA,polydnavirus,noun
Poolside,poolside,noun
poor,poor,noun
Poor,poor,noun
poor country,poor_country,noun
pop,pop,noun
Popular,popular,noun
popular,popular,noun
popularity,popularity,noun
population,population,noun
position,position,noun
positive,positive,noun
positive,positive,noun
possible,possible,noun
possibly,possibly,noun
post,post,noun
Post,post,noun
potential,potential,noun
Potter,Potter,noun
Poundcake,poundcake,noun
power,power,noun
Power,power,noun
ppl,people,noun
pr,PR,noun
practice,practice,noun
praise,praise,noun
pray,pray,noun
precancerous,precancerous,noun
precancerous cell,precancerous_cell,noun
precursor,precursor,noun
predict,predict,noun
Predicting,predict,noun
Predictor,predictor,noun
predictor,predictor,noun
pregnancy,pregnancy,noun
pregnant,pregnant,noun
present,present,noun
presentation,presentation,noun
President,president,noun
presidential,presidential,noun
presidential candidate,presidential_candidate,noun
press,press,noun
Press,press,noun
preteen,preteen,noun
pretty,pretty,noun
prevalence,prevalence,noun
prevent,prevent,noun
Prevent,prevent,noun
prevent cancer,prevent_cancer,noun
prevent cervical,prevent_cervical,noun
prevent HIV,prevent_HIV,noun
prevent HPV,prevent_HPV,noun
preventable,preventable,noun
preventative,preventative,noun
Preventing,prevent,noun
prevention,prevention,noun
prevention,prevention,noun
Prevention Week,prevention_week,noun
previously,previously,noun
price,price,noun
primary,primary,noun
prior,prior,noun
priority,priority,noun
private,private,noun
probably,probably,noun
problem,problem,noun
Problems,problem,noun
procedure,procedure,noun
process,process,noun
prochoice,prochoice,noun
produce,produce,noun
product,product,noun
prof,professor,noun
professor,professor,noun
Professors,professor,noun
profit,profit,noun
Prognosis,prognosis,noun
program,program,noun
Program,program,noun
programme,programme,noun
programme,program,noun
project,project,noun
Project,project,noun
prolong,prolong,noun
promiscuity,promiscuity,noun
promise,promise,noun
promote,promote,noun
prompt,prompt,noun
Proof,proof,noun
proof,proof,noun
prostate,prostate,noun
prostate screening ,prostate_screening ,noun
Protect,protect,noun
protect,protect,noun
protect against,protect_against,noun
protect kid,protect_kid,noun
protect woman,protect_woman,noun
protection,protection,noun
Protection,protection,noun
Protein,Protein,noun
protein,protein,noun
proud,proud,noun
prove,prove,noun
provide,provide,noun
provider,provider,noun
PSA,PSA,noun
public,public,noun
Public,public,noun
Public Health,public_health,noun
public health,public_health,noun
publichealth,public_health,noun
publish,publish,noun
Puff,puff,noun
Puff Johnson,Johnson_Puff,noun
pull,pull,noun
push,push,noun
Push,push,noun
puss,puss,noun
pussy,pussy,noun
put,put,noun
Qiagen,Qiagen,noun
quadrivalent,quadrivalent,noun
question,question,noun
Question,question,noun
Questions,question,noun
quick,quick,noun
quit,quit,noun
quite,quite,noun
quot,quot,noun
quote,quote,noun
race,race,noun
Race,race,noun
radiation,radiation,noun
radiation thrpy,radiation_therapy,noun
radio,radio,noun
raise,raise,noun
raise awareness,raise_awareness,noun
raise money,raise_money ,noun
random,random,noun
rant,rant,noun
rare,rare,noun
Rare,rate,noun
rate higher,high_rate,noun
rate HPV,HPV_rate,noun
Rates,rate,noun
Rates HPV,HPV_rate,noun
raw,raw,noun
reach,reach,noun
reaction,reaction,noun
read,read,noun
Read,read,noun
reading,read,noun
ready,ready,noun
reagandebate,reagandebate,noun
ReaganDebate,reagandebate,noun
real,real,noun
reality,reality,noun
realize,realize,noun
reason,reason,noun
Reason,reason,noun
recall,recall,noun
Receive,receive,noun
receive,receive,noun
recent,recent,noun
recently,recently,noun
recombinant,recombinant,noun
recommend,recommend,noun
recommend HPV,recommend_HPV,noun
recommend Test,recommend_test,noun
recommendation,recommendation,noun
recommendation HPV,HPV_recommendation,noun
Recommended,recommend,noun
Recommends,recommend,noun
record,record,noun
Records,record,noun
recurrence,recurrence,noun
Red,red,noun
red,red,noun
reduce,reduce,noun
Reduce,reduce,noun
reduce risk ,reduce_risk ,noun
refer,refer,noun
refuse,refuse,noun
regard,regard,noun
regimen,regimen,noun
register,register,noun
regret,regret,noun
regular,regular,noun
regularly,regular,noun
reject,reject,noun
relate,relate,noun
related,relate,noun
relationship,relationship,noun
Relationships,relationship,noun
release,release,noun
remain,remain,noun
remark,remark,noun
remember,remember,noun
remind,remind,noun
reminder,reminder,noun
remove,remove,noun
repeal,repeal,noun
repeat,repeat,noun
Replace,replace,noun
replace,replace,noun
report,report,noun
Report,report,noun
Reports,report,noun
reproduction,reproduction,noun
reproductive,reproductive,noun
Republican,Republican,noun
republican,Republican,noun
Republican Race,Republican_Race,noun
Republican rival,Republican_rival,noun
Republicans,Republican,noun
require,require,noun
requirement,requirement,noun
research,research,noun
Research,research,noun
researcher,researcher,noun
Researchers,researcher,noun
Reservoir,reservoir,noun
resource,resource,noun
Respond,respond,noun
response,response,noun
responsibility,responsibility,noun
responsible,responsible,noun
rest,rest,noun
result,result,noun
retardation,retardation,noun
Retardation,retardation,noun
retarded,retard,noun
reuter,reuter,noun
Reuters,reuter,noun
reveal,reveal,noun
reverse,reverse,noun
Review,review,noun
review,review,noun
Reviews,review,noun
reward,reward,noun
Ribbon,ribbon,noun
Ribbon Awareness,Ribbon_awareness,noun
Rick,Rick,noun
Rick Perry,Rick_Perry,noun
RickeySmiley,Rickey_Smiley,noun
RickPerry,Rick_Perry,noun
rid,rid,noun
ridiculous,ridiculous,noun
right,right,noun
Rights,right,noun
rights,right,noun
rip,rip,noun
RIP,RIP,noun
rise,rise,noun
risk,risk,noun
Risk,Risk,noun
risk cervical,cervical_risk,noun
risk develop,develop_risk,noun
risk HPV,HPV_risk,noun
risky,risk,noun
risky sexual,sexual_risk,noun
rival,rival,noun
roach,roach,noun
Roche,Roche,noun
role,role,noun
roll,roll,noun
Romney,Romney,noun
Romneycare,Romneycare,noun
Ron,Ron,noun
Ron Paul,Ron_Paul,noun
room,room,noun
round,round,noun
routine,routine,noun
Routine,routine,noun
routinely,routine,noun
row,row,noun
run,run,noun
rush,rush,noun
Russell,Russell,noun
Rwanda,Rwanda,noun
rwandan,Rwandan,noun
sad,sad,noun
sadly,sad,noun
safe,safe,noun
Safe,safe,noun
safe sex,safe_sex,noun
safety,safety,noun
Safety,safety,noun
sale,sale,noun
same,same,noun
sample,sample,noun
sandwich,sandwich,noun
Sane,sane,noun
SANE,sane,noun
Santorum,Santorum,noun
Sarah,Sarah,noun
Saturday,Saturday,noun
Save,save,noun
save,save,noun
save life,save_life,noun
save woman,save_woman,noun
say,say,noun
saynotocancer,say_no_to_cancer,noun
scam,scam,noun
scandal,scandal,noun
scare,scare,noun
scared,scare,noun
scary,scary,noun
schedule,schedule,noun
Schedule,schedule,noun
school,school,noun
School,school,noun
Science,science,noun
science,science,noun
scientific,scientific,noun
Scientific,scientific,noun
scientist,scientist,noun
scrape,scrape,noun
screen,screen,noun
Screen,screen,noun
screen cervical,cervical_screen,noun
screening,screen,noun
Screening,screen,noun
Screening Guidelines,screen_guidline,noun
screening tool,screen_tool,noun
Screenings,screen,noun
search,search,noun
Seattle,Seattle,noun
secondary,secondary,noun
SECURITY,secirity,noun
security,security,noun
Security,security,noun
see,see,noun
segment,segment,noun
seizure,seizure,noun
sell,sell,noun
senator,senator,noun
send,send,noun
sense,sense,noun
sensitive,sensitive,noun
Sept,September,noun
September,September,noun
Series,series,noun
series,series,noun
serious,serious,noun
seriously,serious,noun
service,service,noun
session,session,noun
set,set,noun
severe,severe,noun
sex,sex,noun
sexual,sexual,noun
Sexual,sexual,noun
sexual behavior,sexual_behavior,noun
sexually,sexually,noun
sexually active,sexually_active,noun
sexually transmit,sexually_transmit,noun
sexually transmitted ,sexually_transmit,noun
sgelection,sgelection,noun
SGO,SGO,noun
share,share,noun
shark,shark,noun
she,she,noun
Shield,shield,noun
shirt,shirt,noun
shit,shit,noun
SHIT,shit,noun
shocking,shock,noun
shoot,shoot,noun
short,short,noun
shot,shot,noun
Shot,shot,noun
shot HPV,HPV_shot,noun
Shots,shot,noun
show,show,noun
Show,show,noun
shut,shut,noun
sick,sick,noun
side,side,noun
side effect,side_effect,noun
side Effects,side_effect,noun
sign,sign,noun
SIGN,sign,noun
significantly,significant,noun
simple,simple,noun
since,since,noun
single,single,noun
Single,single,noun
sister,sister,noun
sit,sit,noun
site,site,noun
size,size,noun
Skin,skin,noun
skin,skin,noun
Skin Cancer,skin_cancer,noun
skin cancer,skin_cancer,noun
slam,slam,noun
slash,slash,noun
Slate,slate,noun
sleep,sleep,noun
Sleep,sleep,noun
Slow,slow,noun
slow,slow,noun
slut,slut,noun
small,small,noun
smart,smart,noun
smear,smear,noun
Smear,smear,noun
SMEAR,smear,noun
smear test,pap_smear,noun
Smear Test,pap_smear,noun
Smears,smear,noun
smell,smell,noun
smh,SMH,noun
Smith,Smith,noun
smoke,smoke,noun
Smoke,smoke,noun
smoking,smoke,noun
Smoking,smoke,noun
snippet,snippet,noun
SNL,SNL,noun
snub,snub,noun
soar,soar,noun
Social,social,noun
social,social,noun
Social Media,socail_media,noun
Society,society,noun
sodium,sodium,noun
solution,solution,noun
Solyndra,Solyndra,noun
some,some,noun
someone,someone,noun
something,something,noun
sometimes,sometimes,noun
son,son,noun
Son,son,noun
song,sing,noun
Sophie,Sophie,noun
Sophie Jones,Sophie_Jones,noun
SophiesChoice,Sophies_Choice,noun
sore,sore,noun
sorry,sorry,noun
sound,sound,noun
source,source,noun
South,south,noun
spark,spark,noun
special,special,noun
specific,specific,noun
speech,speech,noun
spell,spell,noun
spend,spend,noun
spending,spend,noun
spike,spike,noun
sponsor,sponsor,noun
spot,spot,noun
spotlight,spotlight,noun
spread,spread,noun
Spread,spread,noun
stack,stack,noun
Stacked,stack,noun
staff,staff,noun
stage,stage,noun
Stage,stage,noun
staging,stage,noun
stall,stall,noun
stance,stance,noun
Stance,Stance,noun
stand,stand,noun
standard,standard,noun
standard detect,standard_detection,noun
Star,star,noun
star,star,noun
start,start,noun
state,state,noun
State,state,noun
statement,statement,noun
Statement,statement,noun
States,states,noun
Statistics,statistics,noun
status,status,noun
stay,stay,noun
Stay,stay,noun
std,std,noun
STD,STD,noun
STD infection ,STD_infection ,noun
STD test,STD_test,noun
STDs,STD,noun
step,step,noun
Stephen,Stephen,noun
Stephen Colbert,Stephen_Colbert,noun
STI,STI,noun
stick,stick,noun
still,still,noun
Stop,stop,noun
stop,stop,noun
Stopped,stop,noun
Stories,story,noun
Story,story,noun
story,story,noun
straight,straight,noun
strain,strain,noun
strategy,strategy,noun
stress,stress,noun
stroke,stroke,noun
Stroke,stroke,noun
strong,strong,noun
strongly,strong,noun
student,student,noun
Studies,study,noun
Study,study,noun
study,study,noun
stuff,stuff,noun
stupid,stupid,noun
Style,style,noun
style,style,noun
Styles,style,noun
submit,submit,noun
subsidized,subsidize,noun
success,success,noun
successful,success,noun
such,such,noun
suck,suck,noun
sue,sue,noun
suffer,suffer,noun
suggest,suggest,noun
Suggests,suggest,noun
Sun,Sunday,noun
SUNSHIELD,sunshield,noun
super,super,noun
support,support,noun
supporter,supporter,noun
suppose,suppose,noun
Supreme,supreme,noun
Supreme Court,Supreme_Court,noun
sure,sure,noun
surgery,surgery,noun
surprise,surprise,noun
surround,surround,noun
survey,survey,noun
Survival,survival,noun
survival,survival,noun
survival rate,survival_rate,noun
Survival Rates,survival_rate,noun
survive,survive,noun
survivor,survivor,noun
Survivor,survivor,noun
Swine,Swine,noun
swiss,swiss,noun
symptom,symptom,noun
Symptoms,symptom,noun
Symptoms Cervical,cervical_symptom,noun
Symptoms Treatment,symptoms_treatment,noun
system,system,noun
System,system,noun
system clear,clear_system,noun
tackle,tackle,noun
tag,tag,noun
take,take,noun
talk,talk,noun
Tamika,Tamika,noun
Tanya,Tanya,noun
target,target,noun
Targets,target,noun
Tattoos,tattoo,noun
tax,tax,noun
tcot,top_conservatives_on_Twitter,noun
Tea,tea,noun
tea,tea,noun
Tea Party,CNN,noun
teacher,teacher,noun
Teal,teal,noun
Team,team,noun
team,team,noun
TeamBachmann,Bachmann,noun
teaparty,CNN,noun
TeaParty,CNN,noun
tear,tear,noun
technology,technology,noun
Teen,teen,noun
teen,teen,noun
teen girl,teen_girl,noun
Teen Girls,teen_girl,noun
Teen vaccination,teen_vaccination,noun
teenage,teen,noun
teenage girl ,teen_girl ,noun
teenager,teen,noun
Teenager,teen,noun
Teenagers,teen,noun
Teenagers Infection,Infected_teen,noun
teens,teen,noun
Telegraph,telegraph,noun
tell,tell,noun
Tenpenny,Tenpenny,noun
term,term,noun
terminal,terminal,noun
terrible,terrible,noun
test,test,noun
Test,test,noun
test cervical,cervical_test,noun
test detect,detective_test,noun
test HPV ,HPV_test ,noun
test Pap,pap_smear,noun
testing,test,noun
Testing,test,noun
Tests,test,noun
tetanus,tetanus,noun
texa,Texas,noun
Texas,Texas,noun
text,text,noun
than,than,noun
thank,thank,noun
thank you,thank_you,noun
thanks,thank,noun
Theory,theory,noun
thepapsmear,pap_smear,noun
Therapy,therapy,noun
therapy,therapy,noun
there,there,noun
these,these,noun
they,they,noun
thing,thing,noun
think,think,noun
thinkprogress,thinkprogress,noun
tho,though,noun
those,those,noun
though,though,noun
thought,think,noun
Thought,think,noun
thousand,thousand,noun
three,three,noun
throat,throat,noun
Throat,throat,noun
throat cancer,throat_cancer,noun
Throat Cancer,throat_cancer,noun
throw,throw,noun
tht,think,noun
Thu,Thursday,noun
THURSDAY,Thursday,noun
Thursday,Thursday,noun
Ticket,ticket,noun
tie,tie,noun
Ties,tie,noun
till,till,noun
time,time,noun
Time,time,noun
TIME,time,noun
timeline,timeline,noun
Times,Times,noun
tiny,tiny,noun
tip,tip,noun
Tip,tip,noun
Tips,tip,noun
tired,tired,noun
title,title,noun
Tobacco,tobacco,noun
tobacco,tobacco,noun
Today,today,noun
today,today,noun
together,together,noun
toll,toll,noun
tomorrow,tomorrow,noun
tonight,tonight,noun
Tonight,tonight,noun
tool,tool,noun
top,top,noun
Top,top,noun
topic,topic,noun
total,total,noun
totally,totally,noun
touch,touch,noun
tough,tough,noun
Tourism,tourism,noun
toxic,toxic,noun
Toyota,Toyota,noun
track,track,noun
train,train,noun
Transmission,transmission,noun
transmission,transmission,noun
Transmission Rate,transmission_rate,noun
transmit,transmit,noun
transmitted,transmit,noun
transmitted infection,transmitted_infection,noun
Treat,treat,noun
treat,treat,noun
Treating,treat,noun
Treatment,treatment,noun
treatment,treatment,noun
Treatment HPV,HPV_treatment,noun
Treatments,treatment,noun
trend,trend,noun
trial,trial,noun
Trial,trial,noun
troops,troop,noun
Trust,trust,noun
trust,trust,noun
try,try,noun
Tue,Tuesday,noun
TUESDAY,Tuesday,noun
Tuesday,Tuesday,noun
tuition,tuition,noun
tumblr,Tumblr,noun
tumor,tumor,noun
tune,tune,noun
turn,turn,noun
tv,TV,noun
tweet,tweet,noun
Tweet,tweet,noun
TWEET,Tweet,noun
twibbon,twibbon,noun
twitition,Twitition,noun
Twitition,Twitition,noun
twitpic,TwitPic,noun
Twitter,Twitter,noun
twitter,Twitter,noun
TX,Texas,noun
type,type,noun
type HPV,HPV_type,noun
u,you,noun
ubiquitous,ubiquitous,noun
Uganda,Uganda,noun
UK,UK,noun
uk,UK,noun
ultimate,ultimate,noun
ultrasound,ultrasound,noun
uncomfortable,uncomfortable,noun
Uncovers,uncover,noun
under,under,noun
Underestimate,underestimate,noun
undergo,undergo,noun
understand,understand,noun
understanding,understand,noun
uninsured,uninsured,noun
United,united,noun
United States,United_States,noun
Universal,universal,noun
University,university,noun
Unnecessary,unnecessary,noun
unprotected,unprotect,noun
until,until,noun
unveil,unveil,noun
unwanted,unwant,noun
up,up,noun
Update,update,noun
update,update,noun
upper,upper,noun
uptake,uptake,noun
UR,your,noun
ur,your,noun
urge,urge,noun
US,US,noun
USA,USA,noun
USATODAY,USAToday,noun
USB,USB,noun
Use,use,noun
use,use,noun
use condom,use_condom,noun
useless,useless,noun
user,user,noun
usually,usually,noun
Utah,Utah,noun
Uterine,uterine,noun
UTI,UTI,noun
vac,vaccine,noun
vacc,vaccine,noun
Vaccinate,vaccinate,noun
vaccinate,vaccinate,noun
vaccinate boy,vaccinate_boy,noun
vaccinate HPV,HPV_vactinate,noun
Vaccinated,vaccinate,noun
Vaccinating,vaccine,noun
vaccination,vaccination,noun
Vaccination,vaccination,noun
vaccination boy,boy_vaccination,noun
vaccination cervical,cervical_vaccination,noun
vaccination program,vaccination_program,noun
vaccination rate,vaccination_rate,noun
Vaccination Rates,vaccination_rate,noun
Vaccinations,vaccination,noun
vaccine,vaccine,noun
Vaccine,vaccine,noun
VACCINE,vaccine,noun
vaccine ad,vaccine_ad,noun
vaccine boy,vaccinate_boy,noun
Vaccine Boys,vaccine_boy,noun
vaccine cancer,cancer_vaccine,noun
vaccine cervical,cervical_vaccine,noun
vaccine cervical ,cervical vaccine  ,noun
Vaccine Cervical ,cervical_vaccine  ,noun
vaccine dangerous,dangerous_vaccine,noun
Vaccine debate,vaccine_debate,noun
Vaccine Developer,vaccine_developer,noun
vaccine effective,effective_vaccine,noun
Vaccine Effective,effective_vaccine,noun
vaccine female,female_vaccine,noun
vaccine Gardasil,Gardasil_vaccine,noun
vaccine girl,vaccinate_girl,noun
Vaccine Girls,vaccine_girl,noun
vaccine HPV,HPV_vaccine,noun
vaccine prevent,vaccine_prevent,noun
Vaccine Prevent,vaccine_prevent,noun
vaccine program,vaccine_program,noun
vaccine protect,vaccine_protect,noun
vaccine recommend,recommend_vaccine,noun
vaccine retardation,vaccine_retardation,noun
vaccine safe,vaccine_safe,noun
Vaccine Safe,vaccine_safe,noun
vaccine shot,vaccine_shot,noun
vaccine study,vaccine_study,noun
vaccine trial ,vaccine_trial ,noun
vaccine useless,useless_vaccine,noun
Vaccines,vaccine,noun
Vaccines Clean,clean_vaccine,noun
Vaccines Gardasil,Gardasil_vaccine,noun
Vaccines HPV ,HPV_vaccine,noun
Vaccines Infants,vaccinate_Infant,noun
vaccineswork,vaccine,noun
vagina,vagina,noun
Vagina,vagina,noun
vaginal,vaginal,noun
Valentine,Valentine,noun
validate,validate,noun
validity,validity,noun
value,value,noun
Value,Value,noun
Vax,vax,noun
vax,vax,noun
vaxfax,vaxfax,noun
vd,VD,noun
vd warts,VD_wart,noun
VERSO,verso,noun
VERSON,verson,noun
Vervical Cancer,cervical_cancer,noun
vet,vet,noun
vial,vial,noun
vial Gardasil,Gardasil_vial,noun
victim,victim,noun
Victim,victim,noun
Victims,victim,noun
video,video,noun
Video,video,noun
VIDEOTEC,videotec,noun
view,view,noun
View,view,noun
vinegar,vinegar,noun
Vinegar,vinegar,noun
violate,violate,noun
viral,viral,noun
Viral,viral,noun
virgin,virgin,noun
Virginia,Virginia,noun
virus,virus,noun
Virus,virus,noun
virus fuel,virus_fuel,noun
Virus HPV,HPV_virus,noun
virus HPV ,HPV_virus ,noun
Viruses,virus,noun
visit,visit,noun
Visit,visit,noun
vital,vital,noun
voice,voice,noun
voluntary,voluntary,noun
vomit,vomit,noun
vote,vote,noun
Votes,vote,noun
wait,wait,noun
wake,wake,noun
walgreen,Walgreen,noun
Walgreen,Walgreen,noun
Walgreens,Walgreens,noun
walk,walk,noun
Walker,walker,noun
Wall,wall,noun
wan,wan,noun
want,want,noun
war,war,noun
warn,warn,noun
Warning,warning,noun
warning,warning,noun
Warns,warn,noun
wart,wart,noun
Wart,wart,noun
Warts,wart,noun
warts,wart,noun
warts herpes,war_herpe,noun
Washington,Washington,noun
WASHINGTON,WashingtonPost,noun
Washington Post,WashingtonPost,noun
washingtonpost,WashingtonPost,noun
wat,wat,noun
watch,watch,noun
Watch,watch,noun
wax,wax,noun
way,way,noun
Ways,way,noun
we,we,noun
weak,weak,noun
wear,wear,noun
Web,web,noun
website,website,noun
wed,wed,noun
wedding,wedding,noun
Wednesday,Wednesday,noun
week,week,noun
Week,week,noun
Weekly,week,noun
weigh,weigh,noun
Weiner,Weiner,noun
weird,weird,noun
welcome,welcome,noun
well,well,noun
wellness,wellness,noun
what,what,noun
when,when,noun
where,where,noun
whether,whether,noun
which,which,noun
White,white,noun
white,white,noun
whitepage,WhitePage,noun
WhitePages,WhitePage,noun
who,who,noun
whore,whore,noun
why,why,noun
widely,wide,noun
width,width,noun
wife,wife,noun
win,win,noun
winner,winner,noun
wish,wish,noun
wit,wit,noun
withdraw,withdraw,noun
without,without,noun
Witness,witness,noun
woman,woman,noun
Woman,woman,noun
woman circumcise,woman_circumcise,noun
woman health,woman_health,noun
woman ovary,woman_ovary,noun
Women,woman,noun
WOMEN,woman,noun
Women circumcise,woman_circumcise,noun
Women Health ,women_health ,noun
Womens,woman,noun
womenshealth,womens_health,noun
wonder,wonder,noun
word,word,noun
work,work,noun
Work,work,noun
world,world,noun
World,world,noun
WorldCancerDay,WorldCancerDay,noun
worldwide,worldwide,noun
worried,worry,noun
worry,worry,noun
worse,bad,noun
worst,bad,noun
worth,worth,noun
wow,wow,noun
wp,WashingtonPost,noun
write,write,noun
wrong,wrong,noun
WTF,WTF,noun
ya,yeah,noun
Yahoo,Yahoo,noun
YahooNews,Yahoo,noun
yall,yall,noun
Yall,yall,noun
yeah,yeah,noun
year,year,noun
yearly,year,noun
Yellow,yellow,noun
YellowUmbOrg,YellowUmb,noun
yellowumbrellum,YellowUmb,noun
yes,yes,noun
yesterday,yesterday,noun
yhoo,Yahoo,noun
yo,you,noun
York,York,noun
YORK,York,noun
you,you,noun
young,young,noun
Young,young,noun
young adult,young_adult,noun
young boy,young_boy,noun
Young Boys,young_boy,noun
young girl,young_girl,noun
Young Girls,young_girl,noun
young man,young_man,noun
Young Men,young_man,noun
young woman,young_woman,noun
Young Women ,young_woman ,noun
younger,young,noun
yourself,yourself,noun
youth,youth,noun
youthsay,youthsay,noun
youtu,YouTube,noun
YouTube,YouTube,noun
youtube,YouTube,noun
yr,year,noun
Zambia,Zambia,noun
FALSE,FALSE,noun
TRUE,TRUE,noun